{
  "delta_assoc": 0.08952399999999999,
  "sigma": 0.001999998354455323,
  "significance_sigma": 44.76203682896571,
  "mean_phase_error_rad": 0.01457698991265664
}