{
  "success": true,
  "final_coherence": 0.9999999999970001,
  "total_energy_J": 4.9695000000000005e-64,
  "era": "POST_HEAT_DEATH",
  "timestamp_planck": 32968452322364025823056640399106556304758562793455616
}