{
  "bf16": {
    "avg_latency_ms": 79.3499361999693,
    "throughput_sig_s": 12.602404587697537
  }
}