{
  "timestamp": 1775518143.0044973,
  "n_total": 168,
  "n_active": 144,
  "n_static": 24,
  "quorum": 112,
  "lambda2_final": 0.9862453736319732,
  "status": "OPERATIONAL",
  "storm_step": 300
}