{"euclidean_128d": 0.29152864141158114, "hyperbolic_32d": 0.11111503207580319}