{
    "model": "ArkheML-TPV-v1",
    "best_efficiency": 0.7149950558039697,
    "best_design": [
        281.95380465020924,
        390.671728435691,
        53.26307211372004,
        307.1434109847803,
        123.3466931162182,
        487.1800451763454,
        425.5749735197432,
        99.76212863476066,
        161.05245531078154,
        444.87558075789883,
        491.1193095416808,
        126.222062634236,
        498.799986339683,
        407.63783996186197,
        342.71061268568803,
        239.54978572819522,
        465.7053564551871,
        299.516276862334,
        486.12597226050616,
        487.2409995092705
    ],
    "timestamp": 17180476
}