{"intention_signals": [0.4967141530112327, -0.13826430117118466, 0.6476885381006925, 1.5230298564080254, -0.23415337472333597, -0.23413695694918055, 1.5792128155073915, 0.7674347291529088, -0.4694743859349521, 0.5425600435859647, -0.46341769281246226, -0.46572975357025687, 0.24196227156603412, -1.913280244657798, -1.7249178325130328, -0.5622875292409727, -1.0128311203344238, 0.3142473325952739, -0.9080240755212109, -1.4123037013352915, 1.465648768921554, -0.22577630048653566, 0.06752820468792384, -1.4247481862134568, -0.5443827245251827, 0.11092258970986608, -1.1509935774223028, 0.37569801834567196, -0.600638689918805, -0.2916937497932768, -0.6017066122293969, 1.8522781845089378, -0.013497224737933921, -1.0577109289559004, 0.822544912103189, -1.2208436499710222, 0.2088635950047554, -1.9596701238797756, -1.3281860488984305, 0.19686123586912352, 0.7384665799954104, 0.1713682811899705, -0.11564828238824053, -0.3011036955892888, -1.4785219903674274, -0.7198442083947086, -0.4606387709597875, 1.0571222262189157, 0.3436182895684614, -1.763040155362734, 0.324083969394795, -0.38508228041631654, -0.6769220003059587, 0.6116762888408679, 1.030999522495951, 0.9312801191161986, -0.8392175232226385, -0.3092123758512146, 0.33126343140356396, 0.9755451271223592, -0.47917423784528995, -0.18565897666381712, -1.1063349740060282, -1.1962066240806708, 0.812525822394198, 1.356240028570823, -0.07201012158033385, 1.0035328978920242, 0.36163602504763415, -0.6451197546051243, 0.36139560550841393, 1.5380365664659692, -0.03582603910995154, 1.5646436558140062, -2.6197451040897444, 0.8219025043752238, 0.08704706823817122, -0.29900735046586746, 0.0917607765355023, -1.9875689146008928, -0.21967188783751193, 0.3571125715117464, 1.477894044741516, -0.5182702182736474, -0.8084936028931876, -0.5017570435845365, 0.9154021177020741, 0.32875110965968446, -0.5297602037670388, 0.5132674331133561, 0.09707754934804039, 0.9686449905328892, -0.7020530938773524, -0.3276621465977682, -0.39210815313215763, -1.4635149481321186, 0.29612027706457605, 0.26105527217988933, 0.00511345664246089, -0.23458713337514692], "sensor_readings": [0.11429717399890327, -0.19474050549001953, 0.4496079271752001, 1.0579684312820965, -0.2195798421118706, -0.10649939419643675, 1.6406074326480193, 0.6488633458886948, -0.3240694306034088, 0.4191588517155383, -0.7544883973097781, -0.3778865779460489, 0.2056158592410326, -1.037975773229181, -1.418406458966651, -0.38952055492605564, -0.8172072502085878, 0.017662258552312682, -0.4978546975139647, -0.9794563545308784, 1.3307254045458528, -0.36249853134817633, 0.33458142593755896, -1.4201687615292216, -0.31813476086009207, 0.5268291969298886, -1.11890212696398, 0.18729886875598323, -0.46058067891751575, -0.33405013065786127, -0.7914979759967441, 1.4955351425683556, -0.2232585225355681, -0.751450257037684, 0.47415108283579066, -0.66668803897331, 0.010440217536556912, -1.6321484023449555, -0.8998453956448106, -0.08868387459149224, 0.6362652509171542, 0.3985231758084621, -0.414015272822838, -0.20395618476497018, -1.1308410334442571, -0.4195107923603048, -0.6159011589434464, 0.5816064583582774, 0.37928294477814867, -1.35103518964355, 0.3093657455850113, -0.2387761824336581, -0.6775425445604653, 0.535791770504895, 0.883414112656497, 0.6021538116876853, -0.29821911634915954, -0.15260331649861417, 0.02675004568232142, 0.9117468234246533, -0.5782757243216963, 0.008889739417436732, -0.6533488634033418, -1.1211017629348787, 0.8426958837642229, 1.1675482082439579, 0.10680393473463093, 1.182184914844409, 0.24023119683753322, -0.6668430365555974, 0.11121359848162649, 1.0672671961796878, -0.04408117317078207, 1.3199453196145339, -2.040457923405792, 0.8229586533073838, 0.07223803296611839, 0.051500935058769404, 0.02047725458081063, -1.0460212983627906, -0.0506040407170083, 0.11425854592614065, 0.9681367361809905, -0.31812169157028086, -0.6914874393797203, -0.2586055360492109, 0.8269692190763683, 0.24843510519637305, -0.5931669066273121, 0.10764450155351196, -0.011640950934971916, 0.9461957512910059, -0.5188237262758412, -0.5112774730206122, -0.27905033733548973, -1.0937484825599275, 0.06012473441143423, 0.23958923893301706, 0.015732509003168693, -0.4162637662662422]}