{
    "optimal_thicknesses": [
        50.0,
        75.08662797721453,
        113.4374463168384,
        173.03573083597996,
        267.42066286651124,
        422.34883244887476,
        50.0,
        78.87176738626025,
        125.24036162439722,
        50.0,
        70.08075715508976,
        99.41989988290352,
        143.669413971099,
        211.14390201063182,
        318.015547475192,
        489.475471543699,
        50.0,
        78.67020076711718,
        124.4106997966582,
        198.20170592997903
    ],
    "predicted_efficiency": 0.7487413928419157,
    "n_layers": 20,
    "target_Eg_eV": 0.74
}