{
    "optimal_thicknesses": [
        103.04964161297167,
        166.67578628004583,
        269.14746669340644,
        197.9673920352376,
        319.0467320740817,
        121.0357510906075,
        195.82131837310695,
        316.5070779333426,
        54.94785474849518,
        88.91565983808044,
        143.8239825420754,
        232.69678982135252,
        376.73590236168184,
        112.89223193845358,
        182.53756540916217,
        295.1132783970389,
        170.96043628491944,
        276.4487088399041,
        446.91778928147454,
        104.58867218591607
    ],
    "predicted_efficiency": 0.5942173738602968,
    "n_layers": 20,
    "convergence_message": "Maximum number of iterations has been exceeded."
}