{"grid_sizes": [16, 24, 32], "tau_measurements": [{"mean_tau": 0.00625, "std_tau": 0.001}, {"mean_tau": 0.004166666666666667, "std_tau": 0.001}, {"mean_tau": 0.003125, "std_tau": 0.001}]}