{
    "awg": {
        "center_nm": 842.0,
        "spacing_nm": 0.5,
        "precision_pm": 0.5
    },
    "fibonacci_modes": [
        842.0
    ],
    "calibration_data": {
        "wavelengths": [
            835.0,
            835.1501501501501,
            835.3003003003003,
            835.4504504504505,
            835.6006006006006,
            835.7507507507507,
            835.9009009009009,
            836.0510510510511,
            836.2012012012012,
            836.3513513513514,
            836.5015015015015,
            836.6516516516516,
            836.8018018018018,
            836.951951951952,
            837.1021021021021,
            837.2522522522522,
            837.4024024024025,
            837.5525525525526,
            837.7027027027027,
            837.8528528528528,
            838.003003003003,
            838.1531531531532,
            838.3033033033033,
            838.4534534534534,
            838.6036036036036,
            838.7537537537537,
            838.9039039039039,
            839.0540540540541,
            839.2042042042042,
            839.3543543543543,
            839.5045045045046,
            839.6546546546547,
            839.8048048048048,
            839.9549549549549,
            840.105105105105,
            840.2552552552553,
            840.4054054054054,
            840.5555555555555,
            840.7057057057057,
            840.8558558558559,
            841.006006006006,
            841.1561561561562,
            841.3063063063063,
            841.4564564564564,
            841.6066066066066,
            841.7567567567568,
            841.9069069069069,
            842.057057057057,
            842.2072072072073,
            842.3573573573574,
            842.5075075075075,
            842.6576576576576,
            842.8078078078078,
            842.957957957958,
            843.1081081081081,
            843.2582582582583,
            843.4084084084084,
            843.5585585585586,
            843.7087087087087,
            843.8588588588589,
            844.009009009009,
            844.1591591591591,
            844.3093093093094,
            844.4594594594595,
            844.6096096096096,
            844.7597597597597,
            844.9099099099099,
            845.0600600600601,
            845.2102102102102,
            845.3603603603603,
            845.5105105105105,
            845.6606606606607,
            845.8108108108108,
            845.960960960961,
            846.1111111111111,
            846.2612612612612,
            846.4114114114114,
            846.5615615615616,
            846.7117117117117,
            846.8618618618618,
            847.0120120120121,
            847.1621621621622,
            847.3123123123123,
            847.4624624624624,
            847.6126126126126,
            847.7627627627628,
            847.9129129129129,
            848.063063063063,
            848.2132132132132,
            848.3633633633634,
            848.5135135135135,
            848.6636636636637,
            848.8138138138138,
            848.9639639639639,
            849.1141141141142,
            849.2642642642643,
            849.4144144144144,
            849.5645645645645,
            849.7147147147147,
            849.8648648648649
        ],
        "intensity": [
            0.007245147925534474,
            0.002627861478071045,
            -0.007410281153738499,
            0.00190598811980621,
            0.005571776565986933,
            -0.0019165918545948415,
            -0.0035116448271612626,
            -0.0062752341997067,
            -0.006032410623617267,
            -0.0014397095673105225,
            -0.004608763686122101,
            -0.006622716357888549,
            0.004507423621388513,
            0.0003270790579938944,
            0.007068419291020258,
            0.005636709914798553,
            0.0040726153544124585,
            0.0020511345408350643,
            0.010420877136133145,
            0.0050791077448807094,
            -0.008295199395101477,
            -0.00934308340997683,
            -0.003066781518139758,
            0.002063079130234211,
            0.002349510705203866,
            -0.004006854311747186,
            0.001038943609499777,
            -0.0060924918487025755,
            0.006343918137472144,
            -0.00586003200105506,
            -0.003824443034564781,
            0.0026199814012487273,
            0.006044301512266046,
            0.0001641061766110394,
            0.0004451018281195155,
            0.005251892477161197,
            0.0042990009464034425,
            0.0003433147170787882,
            0.009686448121664849,
            0.013789883983072149,
            0.002182184884689689,
            0.015239593329915478,
            0.020029512002482375,
            0.03065060338117233,
            0.049197533836049634,
            0.13621381691321788,
            0.8517813648967589,
            2.0468413073391987,
            0.18699611661360552,
            0.05579480822355149,
            0.03751451003620459,
            0.016529182800138383,
            0.00870527219915737,
            0.004894073425413497,
            0.0011534333176807087,
            0.003471255537501239,
            0.004339104056119966,
            0.00713171464445198,
            0.0017075711665171973,
            0.008332300355551263,
            0.0028922426233907363,
            -0.0054776297043670685,
            0.0008525634496166095,
            -0.002525193095774213,
            -0.004103691450752513,
            0.012683947704555935,
            -0.010259728067385824,
            0.00307195881117161,
            -0.009779618572751423,
            0.0037004003593733106,
            0.0010913070099124076,
            0.005476501178009955,
            2.9254113764256412e-05,
            0.003472991398872684,
            -0.0010918028149349834,
            -0.004286675819409777,
            0.0015727144884019812,
            0.0010090018347884977,
            0.006476719042448857,
            0.0008184911268941334,
            -0.003210511290445855,
            0.0015433053298961844,
            0.006496759931704046,
            -0.0012603657874221538,
            -0.009357475515276832,
            -0.0028807578876673184,
            0.002667400679766701,
            -0.004628411118042086,
            -0.0015180706437772473,
            0.003389926876364751,
            0.004006365679168063,
            -0.0003375441336055334,
            0.0004563884010293291,
            -0.004636740918209318,
            -0.0009406174374724463,
            0.006731473646032886,
            0.0020442526670324986,
            -0.001024099673953867,
            -0.002300845650219716,
            0.005627531984318331
        ]
    },
    "channel_readings": [
        -0.04008845556514451,
        -0.014992951603787824,
        0.007577008344505841,
        0.012100383745770892,
        0.03184104635781773,
        0.02761755172345519,
        0.12570185775641318,
        0.44415904144302126,
        55.95304580486536,
        0.45611269769682955,
        0.12606714331933822,
        0.046784032485500074,
        0.048498689269922755,
        -0.01508744917496906,
        -0.013262851723033065,
        -0.002127322969732577
    ],
    "status": "CALIBRATED"
}