{
  "analysis": "SiP-PACKAGE",
  "bond_wire_mm": 0.3,
  "results": {
    "s11_db": -12.96612399189135,
    "s21_db": -106.43697499232712,
    "jitter_degradation_ps": 0.0004765969408345695
  },
  "status": "APPROVED"
}