{
  "analysis": "ASIC-ISOLATION",
  "distance_um": 250.0,
  "shielding_factor": 1.0,
  "results": {
    "substrate_isolation_db": -88.29946695941636,
    "magnetic_isolation_db": -124.89840087824908,
    "pdn_isolation_db": -90.0,
    "total_isolation_db": -124.89840087824908,
    "jitter_degradation_ps": 1.923076923076922e-05
  },
  "status": "APPROVED"
}