{
  "analysis": "SETI-L2",
  "eht": {
    "modes": {
      "0": 2.5472568976242596e-18,
      "1": 0.014585543869093987,
      "2": 0.014585246504234515,
      "3": 0.014586603540787255,
      "4": 0.0012007702657756381,
      "5": 0.01458209817092594,
      "6": 0.014585246504234515,
      "7": 0.014581189076016243,
      "8": 0.06574721912341686,
      "9": 0.014590737716804292,
      "10": 0.01458524650423452,
      "11": 0.014591238658557555
    },
    "polytope_candidate": "TETRAHEDRON_A3"
  },
  "frb": {
    "vortex_count": 0,
    "coherence_signature": "ASTROPHYSICAL",
    "phi_scaling_quality": 0.92,
    "is_priority": false
  },
  "status": "COMPLETED"
}