{
  "simulation": "SMG-001",
  "avatar_pos": 99.99900000000368,
  "avg_path_l2": 0.577136724492245,
  "avg_cpg_l2": 0.0,
  "graph_nodes": 333330,
  "status": "COMPLETED"
}