{
  "timestamp": "847.635",
  "validation_results": {
    "P1_fold_increase": 1.364828958611206,
    "P1_passed": true,
    "P2_correlation": 0.8546001418376293,
    "P2_passed": true,
    "P4_synergy_index": 1.2168253394352238,
    "P4_passed": true
  },
  "kinetics": {
    "40Hz": {
      "R_max": 0.6323722709456492,
      "k_repair": 0.05993779264136811,
      "lag_time": 2.413392595662958,
      "half_time": 11.564442900113512,
      "lambda2_steady": 0.8048927547325401
    },
    "baseline": {
      "R_max": 0.3072524457676107,
      "k_repair": 0.051153101341052123,
      "lag_time": 1.0903600022146214e-10,
      "half_time": 13.550442932844637,
      "lambda2_steady": 0.5957653747966909
    },
    "peptide": {
      "R_max": 0.7170410169502379,
      "k_repair": 0.04542360891899516,
      "lag_time": 1.5377994808744833e-08,
      "half_time": 15.259623729942916,
      "lambda2_steady": 0.8341939809130599
    },
    "peptide+40Hz": {
      "R_max": 0.8447748782106197,
      "k_repair": 0.05123032688622112,
      "lag_time": 1.9918026260976109e-16,
      "half_time": 13.530016743780992,
      "lambda2_steady": 0.8934170197959289
    },
    "scramble": {
      "R_max": 0.3460568034367291,
      "k_repair": 0.058612831304163546,
      "lag_time": 3.6624463261958264,
      "half_time": 11.825860739655274,
      "lambda2_steady": 0.6002961990220241
    }
  }
}