{
  "pearson_r": 0.6027470029643625,
  "p_value_raw": 3.6239140852786555e-06,
  "p_value_fdr_corrected": 3.6239140852786555e-06,
  "cohens_d": 3.3589276728087967,
  "significant": "True"
}