{
  "comparisons": [
    "ABC vs A(BC)",
    "ABC vs (AB)C",
    "A(BC) vs (AB)C"
  ],
  "ks_p_values_raw": [
    0.000648608042418048,
    2.3797467071606504e-06,
    3.432078828289855e-16
  ],
  "ks_p_values_fdr_corrected": [
    0.000648608042418048,
    3.5696200607409755e-06,
    1.0296236484869566e-15
  ],
  "any_significant": true,
  "interpretation": "evidence for non-associative fluid algebra"
}